,0
0,AGCTCCTCAAGCCCAC-r17
1,AAACCTGAGTGACTCT-b01
2,AAACCTGCAAGCGAGT-r17
3,AAACCTGCAAGCTGAG-400.2.2
4,AAACCTGGTAGCCTCG-500.1.2
5,AAACCTGTCATTGCCC-400.2.2
6,AAACGGGCAGCTTCGG-500.2.2
7,AAACGGGTCCGAACGC-400.2.2
8,AAACGGGTCGGATGGA-300.1.1
9,AAAGATGCAATGGACG-300.1.3
10,AAAGCAACACAAGCCC-400.2.3
11,AAAGCAACAGTCACTA-400.2.3
12,AAAGCAACATATGCTG-300.1.3
13,AAAGTAGAGCTAGCCC-b01
14,AAAGTAGCAATGGACG-400.2.3
15,AAAGTAGGTTCGGCAC-300.1.2
16,AAAGTAGGTTGGTAAA-400.2.1
17,AAAGTAGTCCGTTGCT-400.2.3
18,AAAGTAGTCTTGCATT-300.1.3
19,AAATGCCAGAGCTATA-300.1.3
20,AAATGCCGTGCACCAC-400.2.1
21,AACACGTAGATCCCGC-400.2.2
22,AACACGTCAGGAATGC-500.1.1
23,AACACGTGTCTGCAAT-b01
24,AACACGTGTCTTGATG-r17
25,AACACGTTCAAACCGT-300.1.2
26,AACCATGCACAGATTC-r17
27,AACGTTGCACTATCTT-300.1.2
28,AACGTTGCAGGTCTCG-r17
29,AACGTTGGTAGCGCAA-400.2.1
30,AACGTTGGTTCAACCA-b01
31,AACTCAGAGGCCGAAT-400.2.1
32,AACTCAGGTTGGTAAA-r17
33,AACTCAGTCGTCGTTC-500.1.3
34,AACTCCCAGGACACCA-r17
35,AACTCCCTCCAAGTAC-500.1.1
36,AACTCTTAGCCCAATT-r17
37,AACTCTTCACGTTGGC-r17
38,AACTGGTTCTGTACGA-b01
39,AACTTTCCAAACGTGG-300.1.3
40,AAGACCTAGATATACG-300.1.2
41,AAGACCTCATGTAAGA-400.2.3
42,AAGACCTGTCGGCACT-400.2.2
43,AAGCCGCCAGCGTCCA-400.2.1
44,AAGCCGCGTCTCTCGT-300.1.1
45,AAGGAGCCATTACGAC-500.1.2
46,AAGGAGCGTAAGGATT-300.1.1
47,AAGGAGCGTGTGACGA-300.1.1
48,AAGGAGCTCTCGGACG-400.2.2
49,AAGGAGCTCTTATCTG-300.1.2
50,AAGGCAGAGTTGAGAT-400.2.3
51,AAGGCAGTCCGAGCCA-500.1.1
52,AAGTCTGAGAGACTTA-300.1.1
53,AATCCAGCACCAGTTA-400.2.1
54,AATCCAGCATTGAGCT-400.2.2
55,AATCGGTCACTGAAGG-b01
56,AATCGGTCATCACCCT-400.2.2
57,ACACCAAAGAATTCCC-b01
58,ACACCAACACAGACTT-b02
59,ACACCAAGTCTCCATC-400.2.2
60,ACACCCTCACCGGAAA-b01
61,ACACCCTTCTTAACCT-300.1.2
62,ACACCGGTCAGTACGT-300.1.3
63,ACACCGGTCTACTATC-r17
64,ACACTGAAGTGAATTG-400.2.3
65,ACACTGATCCGTTGCT-b02
66,ACACTGATCTGATTCT-400.2.3
67,ACAGCCGAGAGGTTAT-500.2.1
68,ACAGCCGAGCCTATGT-400.2.1
69,ACAGCCGTCCTCAATT-400.2.3
70,ACAGCTAAGGACTGGT-b01
71,ACAGCTATCAGAGGTG-300.1.3
72,ACATACGAGCTCCTTC-300.1.1
73,ACATACGAGGGCTTCC-400.2.1
74,ACATACGCATTAGCCA-400.2.2
75,ACATACGTCTTGTCAT-300.1.3
76,ACATCAGGTCCTCCAT-300.1.2
77,ACATCAGGTTTGGCGC-400.2.1
78,ACATGGTAGTCGAGTG-300.1.2
79,ACATGGTAGTGCTGCC-400.2.2
80,ACATGGTCACAGCGTC-400.2.2
81,ACATGGTTCAACCATG-400.2.3
82,ACCAGTACAGATCCAT-300.1.1
83,ACCAGTATCGGAATCT-400.2.1
84,ACCAGTATCTATCGCC-b01
85,ACCCACTAGACATAAC-500.1.1
86,ACCCACTAGCTGTCTA-400.2.3
87,ACCCACTTCCTAGAAC-400.2.1
88,ACCGTAAAGGCTCATT-300.1.3
89,ACCTTTAGTGATGTGG-400.2.1
90,ACCTTTAGTGGCTCCA-500.1.2
91,ACGAGCCAGCTAGGCA-300.1.2
92,ACGAGCCCACACCGCA-400.2.2
93,ACGAGGAAGTGCTGCC-400.2.3
94,ACGAGGACAAGTCTAC-400.2.2
95,ACGATACGTCATACTG-r17
96,ACGATACTCACTTACT-400.2.3
97,ACGATGTTCATCGCTC-400.2.2
98,ACGATGTTCGGCTACG-400.2.2
99,ACGCAGCAGCGGATCA-400.2.1
100,ACGCCAGAGGAGCGAG-400.2.3
101,ACGCCAGAGTTCCACA-b01
102,ACGCCAGGTCACCTAA-400.2.3
103,ACGCCAGGTTCCCGAG-300.1.2
104,ACGCCGAAGACTAGAT-500.1.1
105,ACGCCGAAGGCCCTTG-300.1.1
106,ACGCCGACACCGCTAG-b02
107,ACGCCGACATACAGCT-r17
108,ACGCCGACATCACAAC-400.2.1
109,ACGCCGACATGCCTTC-b02
110,ACGCCGAGTAAATGAC-500.1.1
111,ACGGAGAAGCAGCCTC-300.1.1
112,ACGGCCAAGGGAAACA-300.1.1
113,ACGGCCAGTTCCACAA-400.2.1
114,ACGGCCATCCGCGTTT-500.1.2
115,ACGGCCATCTGAAAGA-r17
116,ACGGGTCTCTCCCTGA-400.2.3
117,ACGTCAAAGCACAGGT-500.1.1
118,ACGTCAACACACGCTG-300.1.3
119,ACTATCTAGTGTTTGC-500.2.2
120,ACTGAACAGTTACCCA-300.1.3
121,ACTGAACTCAGTGTTG-400.2.3
122,ACTGAGTAGCCAGAAC-400.2.2
123,ACTGAGTAGGCATGGT-300.1.1
124,ACTGAGTCAGATTGCT-400.2.3
125,ACTGAGTGTCTGATTG-b01
126,ACTGAGTTCTTCGGTC-300.1.3
127,ACTGATGCAATGAATG-400.2.1
128,ACTGATGCATCCTTGC-r17
129,ACTGTCCTCCGCGGTA-b01
130,ACTGTCCTCTTGAGGT-400.2.3
131,ACTTACTCAATTCCTT-400.2.3
132,ACTTACTGTAAGCACG-400.2.2
133,ACTTACTTCGCATGAT-400.2.1
134,ACTTGTTGTTTGACTG-300.1.3
135,ACTTTCAAGGATGGAA-300.1.3
136,ACTTTCAGTGGTCCGT-500.1.2
137,ACTTTCATCACCGGGT-b01
138,AGAATAGGTCCGAATT-400.2.1
139,AGAATAGTCAACACGT-b01
140,AGAGCGAAGCTTTGGT-400.2.3
141,AGAGCGAAGTCGAGTG-300.1.1
142,AGAGCGATCTCTGCTG-b01
143,AGAGCTTAGGATCGCA-b01
144,AGAGCTTCAATACGCT-b01
145,AGAGCTTCATTGGTAC-300.1.1
146,AGAGCTTGTTCAGACT-b01
147,AGAGTGGAGAAGGGTA-500.1.1
148,AGAGTGGCAGACGCTC-400.2.1
149,AGAGTGGCATGCCTAA-b01
150,AGAGTGGGTTGCGCAC-300.1.3
151,AGAGTGGGTTTACTCT-b01
152,AGAGTGGTCCTAGAAC-500.1.1
153,AGATTGCCACATGTGT-300.1.2
154,AGATTGCGTGCAACGA-300.1.3
155,AGCAGCCAGACGCAAC-300.1.2
156,AGCAGCCGTTAAGAAC-r17
157,AGCATACAGGTCGGAT-300.1.1
158,AGCATACCAAACGCGA-r17
159,AGCATACGTCGAAAGC-400.2.2
160,AGCATACTCCCTAATT-400.2.2
161,AGCGGTCAGAGGTAGA-b01
162,AGCGGTCAGTTGTCGT-b01
163,AGCGGTCCATAGGATA-400.2.1
164,AGCGGTCTCTACTCAT-400.2.3
165,AGCGTATAGAGCTGCA-300.1.1
166,AGCGTATGTCTCACCT-300.1.2
167,AGCTCCTGTCCATCCT-500.1.1
168,AGCTCCTTCGGAGGTA-500.2.1
169,AGCTCTCCAAGGGTCA-500.1.1
170,AGCTCTCTCAAACCAC-b01
171,AGCTTGAGTAGCGCTC-300.1.3
172,AGGCCACCAGGACGTA-b01
173,AGGCCGTTCAGAGGTG-500.1.1
174,AGGCCGTTCAGTACGT-300.1.3
175,AGGGAGTCACGCCAGT-300.1.1
176,AGGGAGTCAGATCTGT-400.2.2
177,AGGGAGTGTACCATCA-r17
178,AGGGAGTTCCAAGCCG-b01
179,AGGGAGTTCCGATATG-b01
180,AGGGAGTTCTTGTACT-400.2.3
181,AGGGATGGTCTGATTG-b01
182,AGGGATGTCCGCATCT-400.2.2
183,AGGGATGTCGCCTGTT-400.2.3
184,AGGGTGAGTCAAACTC-400.2.2
185,AGGTCCGCATATACGC-400.2.3
186,AGGTCCGGTCGCCATG-300.1.1
187,AGGTCCGTCCTTAATC-400.2.2
188,AGTAGTCAGCCGTCGT-r17
189,AGTAGTCAGCTAGTTC-300.1.3
190,AGTAGTCGTACCGTAT-500.2.2
191,AGTAGTCGTCTTGATG-500.2.2
192,AGTCTTTAGATGAGAG-400.2.3
193,AGTCTTTAGCTTATCG-400.2.3
194,AGTCTTTTCGTCCAGG-300.1.3
195,AGTCTTTTCTATGTGG-400.2.1
196,AGTGAGGAGGAATCGC-400.2.3
197,AGTGAGGCATGTCGAT-400.2.1
198,AGTGGGACACGTGAGA-r17
199,AGTGGGATCCAGAAGG-r17
200,AGTGTCAAGATGGGTC-r17
201,AGTGTCAAGCGTTCCG-300.1.3
202,AGTGTCACATTCTTAC-b01
203,AGTTGGTTCTGTTTGT-400.2.3
204,ATAACGCCACGGCTAC-500.2.1
205,ATAACGCCAGACTCGC-400.2.1
206,ATAACGCGTGGTTTCA-300.1.2
207,ATAAGAGCACGACTCG-400.2.1
208,ATAGACCGTAGGCATG-b01
209,ATAGACCGTTGTCGCG-r17
210,ATCACGAAGATCCTGT-500.2.1
211,ATCACGAAGCTCCTTC-400.2.2
212,ATCACGATCGCCAGCA-300.1.1
213,ATCATCTAGGACCACA-r17
214,ATCATCTCAAGGGTCA-500.2.2
215,ATCATCTTCTGAAAGA-400.2.3
216,ATCCACCAGAGCTATA-400.2.2
217,ATCCACCTCCGCGGTA-b01
218,ATCGAGTTCGGAGGTA-300.1.1
219,ATCTACTCATCTACGA-500.2.2
220,ATCTACTGTACCGTAT-400.2.2
221,ATCTACTGTTAGAACA-300.1.3
222,ATCTGCCAGACTAGGC-300.1.1
223,ATCTGCCAGAGCTGGT-400.2.2
224,ATCTGCCCAGTTTACG-400.2.2
225,ATGCGATTCTAACTTC-400.2.3
226,ATGGGAGCATTGCGGC-400.2.3
227,ATGGGAGGTTTGCATG-400.2.2
228,ATGTGTGAGTGTCTCA-300.1.2
229,ATGTGTGGTTATGCGT-400.2.3
230,ATGTGTGGTTCAACCA-400.2.1
231,ATTACTCAGACTGGGT-b01
232,ATTACTCCAGGTCCAC-500.1.2
233,ATTACTCGTTCCTCCA-400.2.1
234,ATTACTCTCAACCAAC-r17
235,ATTCTACGTGTTTGGT-400.2.1
236,ATTCTACGTTGACGTT-b01
237,ATTGGACAGCGTGAAC-300.1.1
238,ATTGGACCAGCTTCGG-b01
239,ATTGGTGAGGCCCTCA-300.1.2
240,ATTTCTGAGGATGTAT-400.2.2
241,ATTTCTGGTCCATGAT-r17
242,CAACCAAGTAGCTAAA-400.2.3
243,CAACCAATCGTGGGAA-400.2.1
244,CAACCTCCACACCGAC-400.2.2
245,CAACCTCGTCTGGTCG-300.1.3
246,CAACCTCGTGATAAAC-400.2.1
247,CAACTAGAGGTGCAAC-500.1.2
248,CAACTAGTCGTCTGCT-500.1.1
249,CAAGAAAGTATGGTTC-b01
250,CAAGAAAGTTACCAGT-400.2.1
251,CAAGAAAGTTAGGGTG-300.1.3
252,CAAGAAATCGATGAGG-400.2.2
253,CAAGATCCATCGGAAG-500.1.2
254,CAAGATCTCAGAGGTG-400.2.2
255,CAAGGCCAGTAGGCCA-400.2.2
256,CAAGGCCTCGTGACAT-400.2.3
257,CAAGTTGCACCAGGTC-400.2.2
258,CAAGTTGCATGGTCTA-r17
259,CACAAACAGCTCCTCT-400.2.2
260,CACAAACGTGACAAAT-400.2.2
261,CACAAACGTGCACTTA-400.2.3
262,CACAAACTCTGAGGGA-400.2.1
263,CACAAACTCTGTCAAG-300.1.1
264,CACACAAAGTAGTGCG-r17
265,CACACAACACTGTCGG-500.1.1
266,CACACCTAGGCATGTG-400.2.3
267,CACACCTCATGCCTAA-300.1.1
268,CACACTCGTATGCTTG-400.2.1
269,CACACTCGTGAACCTT-300.1.3
270,CACAGGCTCACATAGC-r17
271,CACAGTAAGGTGTGGT-300.1.1
272,CACAGTAGTCGCGAAA-b01
273,CACATAGCACACTGCG-400.2.3
274,CACATAGGTATATCCG-500.1.1
275,CACATAGTCTTGCCGT-300.1.1
276,CACATTTCACAGGTTT-500.2.2
277,CACATTTGTATGGTTC-400.2.2
278,CACCACTCAGTCACTA-500.1.1
279,CACCACTCATGCCACG-300.1.2
280,CACCACTCATGTAGTC-400.2.1
281,CACCACTTCGCCAGCA-400.2.2
282,CACCAGGGTCTTGCGG-400.2.2
283,CACCAGGTCTCCTATA-400.2.1
284,CACCTTGAGGGTATCG-300.1.3
285,CACCTTGCAAGCGTAG-400.2.2
286,CACCTTGCATCCAACA-400.2.1
287,CACCTTGGTTAAGGGC-500.2.1
288,CACCTTGTCGGCGGTT-400.2.1
289,CACTCCAAGATAGCAT-400.2.1
290,CACTCCAAGTCGATAA-r17
291,CACTCCACATGCCCGA-400.2.2
292,CAGAATCAGAGTACCG-300.1.2
293,CAGAATCCATCACAAC-500.2.1
294,CAGAATCGTATCGCAT-r17
295,CAGATCAAGCTCTCGG-500.1.1
296,CAGATCACACTTAACG-300.1.2
297,CAGCAGCAGAGGTAGA-500.1.1
298,CAGCAGCCACGCTTTC-500.2.2
299,CAGCATAAGATATGCA-400.2.3
300,CAGCATATCAAACCGT-400.2.2
301,CAGCATATCACGACTA-400.2.1
302,CAGCCGAGTCGGATCC-r17
303,CAGCCGATCAACTCTT-400.2.1
304,CAGCGACTCAGTTCGA-400.2.1
305,CAGCTAAGTTACAGAA-r17
306,CAGCTGGCACAGAGGT-500.1.1
307,CAGCTGGTCCCTTGCA-300.1.1
308,CAGGTGCAGGGTTCCC-400.2.3
309,CAGTAACAGACCACGA-b01
310,CAGTAACTCATCGCTC-500.1.3
311,CAGTAACTCTACCTGC-400.2.1
312,CAGTCCTGTAGCCTAT-b01
313,CAGTCCTGTGTCTGAT-400.2.2
314,CAGTCCTTCCTTGGTC-b02
315,CATATTCAGATGTGGC-300.1.1
316,CATATTCCATACTACG-300.1.1
317,CATCAAGCAGTGGGAT-r17
318,CATCAAGTCTACTCAT-r17
319,CATCAAGTCTTGCCGT-300.1.1
320,CATCAGAGTGCACTTA-400.2.3
321,CATCAGAGTTCCATGA-500.1.2
322,CATCGAAAGATGTGGC-300.1.3
323,CATCGAAAGGACTGGT-400.2.3
324,CATCGGGCAAGCTGAG-500.2.2
325,CATGACAGTCTTGCGG-b01
326,CATGACAGTGAAAGAG-400.2.1
327,CATGGCGAGTCACGCC-500.1.1
328,CATTATCTCGGATGTT-400.2.3
329,CATTCGCAGGCATGTG-400.2.1
330,CCACCTACACTCTGTC-500.2.2
331,CCACCTACATCAGTAC-400.2.3
332,CCACCTAGTAGAGCTG-r17
333,CCACCTATCTCTTGAT-500.2.2
334,CCACGGATCAGGTAAA-400.2.2
335,CCACTACAGAAGGACA-400.2.3
336,CCACTACAGAGTAAGG-300.1.2
337,CCACTACTCTGCGACG-400.2.3
338,CCAGCGACACGACGAA-500.1.1
339,CCAGCGACATACCATG-400.2.2
340,CCAGCGAGTAAACCTC-400.2.3
341,CCATGTCAGGTGCAAC-b01
342,CCATGTCGTACCAGTT-300.1.1
343,CCATTCGAGCGCCTCA-b01
344,CCATTCGCACCGTTGG-b01
345,CCATTCGCATTCCTGC-400.2.2
346,CCCAATCAGCGTGTCC-b01
347,CCCAATCCACAAGACG-500.1.1
348,CCCAATCGTACCATCA-400.2.2
349,CCCAGTTAGTGTTTGC-b01
350,CCCAGTTGTAGGGACT-400.2.1
351,CCCATACAGAAACGCC-300.1.3
352,CCCATACGTTGTCGCG-300.1.3
353,CCCATACTCACGAAGG-300.1.3
354,CCCTCCTAGATCTGAA-400.2.1
355,CCCTCCTAGGATGCGT-b02
356,CCCTCCTCAGTATGCT-400.2.3
357,CCCTCCTTCAGGTAAA-400.2.2
358,CCGGGATAGAGACGAA-400.2.2
359,CCGGGATGTAGCACGA-b01
360,CCGGTAGCACGAGAGT-400.2.3
361,CCGGTAGCAGCGATCC-500.2.1
362,CCGGTAGTCATAGCAC-b01
363,CCGTGGAGTACCGTTA-500.1.1
364,CCGTGGAGTATAGGGC-400.2.2
365,CCGTGGAGTCCAGTTA-400.2.2
366,CCGTGGATCTCTGTCG-400.2.2
367,CCGTTCACACTTGGAT-b02
368,CCGTTCAGTTCCAACA-400.2.2
369,CCTAAAGCACTGCCAG-300.1.1
370,CCTAAAGGTGCGATAG-300.1.3
371,CCTAAAGTCAAAGTAG-500.2.2
372,CCTACACAGTCCCACG-r17
373,CCTACACCACCTTGTC-400.2.3
374,CCTACACTCCGGGTGT-300.1.3
375,CCTAGCTAGTAGCGGT-400.2.1
376,CCTAGCTCAACGATGG-400.2.1
377,CCTAGCTCAGGTGCCT-b01
378,CCTATTACATTGTGCA-300.1.2
379,CCTCAGTGTCTAGAGG-500.1.1
380,CCTCTGACATGCTAGT-500.1.1
381,CCTCTGAGTTGTGGCC-b01
382,CCTTACGAGATGGCGT-500.1.3
383,CCTTACGTCGTCACGG-400.2.1
384,CCTTCCCTCCTAGAAC-300.1.2
385,CCTTCGACAGACGCAA-400.2.1
386,CCTTCGAGTATGCTTG-400.2.1
387,CCTTCGATCATAGCAC-400.2.3
388,CCTTCGATCGTCCGTT-500.2.1
389,CCTTTCTAGACGCTTT-r17
390,CGAACATAGATATACG-400.2.3
391,CGAACATAGATCCCGC-500.1.2
392,CGAATGTTCGTATCAG-r17
393,CGACCTTAGTACGTTC-b02
394,CGACCTTGTTATGTGC-400.2.3
395,CGACTTCAGAGACTAT-300.1.3
396,CGACTTCGTGCACGAA-400.2.2
397,CGACTTCTCCTAGGGC-500.1.1
398,CGAGAAGCAATCAGAA-400.2.3
399,CGAGAAGCAGCGTTCG-500.1.1
400,CGAGAAGGTCCGAAGA-300.1.3
401,CGAGAAGTCATTATCC-r17
402,CGAGCACAGACTTTCG-500.2.2
403,CGAGCACCATCGATTG-300.1.1
404,CGAGCACGTGTGAAAT-b01
405,CGAGCACTCTTGCATT-400.2.2
406,CGAGCCATCACAACGT-500.2.2
407,CGATCGGAGCGATCCC-b02
408,CGATCGGCATCACCCT-400.2.1
409,CGATCGGGTCTTGTCC-500.2.2
410,CGATGGCTCTACGAGT-b01
411,CGATGTAAGCGTGAGT-400.2.2
412,CGATGTACACCGCTAG-400.2.1
413,CGATGTACACTACAGT-400.2.1
414,CGATGTACATGCCCGA-400.2.3
415,CGATGTAGTCACTGGC-300.1.3
416,CGATTGAAGATAGGAG-400.2.2
417,CGATTGACAAATTGCC-400.2.1
418,CGATTGACAAGCCATT-500.1.1
419,CGATTGACAGATCTGT-500.1.1
420,CGATTGACATCAGTCA-400.2.3
421,CGATTGATCACATAGC-400.2.1
422,CGCCAAGCATCCGCGA-400.2.1
423,CGCCAAGGTCTACCTC-500.1.2
424,CGCGGTATCTTTAGTC-500.2.2
425,CGCGTTTAGCTGTTCA-400.2.2
426,CGCGTTTAGTCAATAG-400.2.1
427,CGCGTTTCAATCTACG-300.1.2
428,CGCGTTTGTTTGGGCC-b02
429,CGCGTTTTCCTTGCCA-b01
430,CGCTATCCAATCGAAA-300.1.3
431,CGCTATCTCCTATGTT-500.1.1
432,CGCTGGAAGAGCCTAG-500.2.1
433,CGCTGGACACTAAGTC-300.1.1
434,CGCTGGAGTCGAATCT-400.2.1
435,CGCTTCACACAGACTT-300.1.1
436,CGCTTCACACAGGAGT-b01
437,CGCTTCACACAGGTTT-b02
438,CGCTTCACACCATGTA-r17
439,CGCTTCATCTTGTACT-300.1.1
440,CGGACACGTCTCCCTA-300.1.2
441,CGGACACTCTGCAAGT-400.2.3
442,CGGACGTTCGGCCGAT-r17
443,CGGAGTCCACACCGCA-300.1.3
444,CGGAGTCGTAAAGGAG-500.1.1
445,CGGCTAGTCCCAACGG-400.2.2
446,CGGGTCATCTACTCAT-400.2.2
447,CGGTTAACAGGGTACA-500.1.1
448,CGGTTAATCACTTACT-b01
449,CGGTTAATCGCCGTGA-b01
450,CGTAGCGTCAGGCGAA-400.2.1
451,CGTCACTAGACCTTTG-r17
452,CGTCACTAGGTGATTA-300.1.1
453,CGTCACTAGTAGTGCG-300.1.2
454,CGTCACTAGTCGTACT-b02
455,CGTCACTCAGTCTTCC-400.2.2
456,CGTCACTGTGAAAGAG-500.1.2
457,CGTCAGGCAGCTCCGA-500.1.1
458,CGTCAGGTCCATGAGT-500.2.2
459,CGTCCATAGTTCGATC-b01
460,CGTCCATCACAGGTTT-300.1.3
461,CGTCCATGTTAAAGTG-500.2.1
462,CGTCTACCAGCCTGTG-b01
463,CGTCTACGTCGCGAAA-300.1.2
464,CGTCTACTCCAGATCA-500.2.2
465,CGTGAGCAGAATTCCC-400.2.2
466,CGTGAGCCAAACGTGG-r17
467,CGTGAGCCAGGGAGAG-400.2.1
468,CGTGAGCCATCAGTCA-500.2.1
469,CGTGTAATCCAGTAGT-400.2.2
470,CGTGTCTAGCCAGAAC-400.2.3
471,CGTGTCTGTAGCTGCC-500.1.1
472,CGTGTCTGTGCGAAAC-b01
473,CGTTAGACAATCGAAA-b01
474,CGTTAGACAATGCCAT-400.2.3
475,CGTTAGATCTGTCAAG-500.1.2
476,CGTTCTGAGAGCTTCT-500.1.1
477,CGTTGGGTCCTTTCTC-400.2.1
478,CTAACTTCATGTCTCC-400.2.3
479,CTAAGACCACCTCGGA-b01
480,CTAAGACCAGCTTCGG-300.1.1
481,CTAAGACTCAGCATGT-r17
482,CTAATGGAGGCATGTG-400.2.2
483,CTAATGGGTAAACACA-b01
484,CTAATGGTCAAGATCC-300.1.3
485,CTACACCAGTGAACGC-500.1.2
486,CTACACCGTCTCAACA-400.2.3
487,CTACATTAGTCACGCC-300.1.1
488,CTACATTCACAAGCCC-400.2.3
489,CTACATTCATCGGACC-400.2.2
490,CTACCCAGTGCAGACA-400.2.1
491,CTACCCATCCATGAGT-r17
492,CTACGTCCATTCCTCG-300.1.2
493,CTAGCCTGTCACCTAA-400.2.1
494,CTAGCCTTCAGTCCCT-500.1.2
495,CTAGTGACAATCGAAA-400.2.1
496,CTCACACAGCGATCCC-400.2.1
497,CTCACACCACGACTCG-400.2.2
498,CTCAGAACAAGGCTCC-400.2.2
499,CTCAGAATCACAGGCC-400.2.3
500,CTCAGAATCCGCATCT-300.1.2
501,CTCAGAATCTGTTTGT-400.2.2
502,CTCATTATCAGGTTCA-b01
503,CTCATTATCCTATTCA-b01
504,CTCATTATCCTCATTA-b01
505,CTCATTATCTGAAAGA-300.1.2
506,CTCCTAGGTGAGGGAG-400.2.2
507,CTCGAAAGTAGTGAAT-400.2.3
508,CTCGAAATCGGACAAG-500.1.2
509,CTCGAAATCGTTTATC-300.1.1
510,CTCGAGGAGAGAACAG-400.2.1
511,CTCGAGGAGGATGGAA-400.2.1
512,CTCGAGGCAAAGAATC-400.2.1
513,CTCGAGGTCTGAGGGA-400.2.3
514,CTCGGAGAGCTAGTGG-500.1.1
515,CTCGGGAAGACTCGGA-400.2.3
516,CTCGGGATCTGTTTGT-500.1.1
517,CTCGTCAAGTGCGATG-400.2.2
518,CTCGTCACATCACCCT-300.1.2
519,CTCTAATAGCGTGAGT-400.2.1
520,CTCTAATGTCCTAGCG-400.2.1
521,CTCTAATGTTCAGTAC-r17
522,CTCTAATTCAACCAAC-500.2.1
523,CTCTACGAGTCACGCC-300.1.2
524,CTCTGGTAGCCCTAAT-500.1.1
525,CTCTGGTCACTTACGA-500.2.1
526,CTCTGGTGTCACTTCC-300.1.1
527,CTGAAACCATCGGTTA-500.2.2
528,CTGAAACTCAGTCCCT-b01
529,CTGAAGTAGATAGGAG-500.1.2
530,CTGAAGTAGCAGGCTA-400.2.1
531,CTGAAGTAGTGACATA-400.2.2
532,CTGAAGTGTGGCTCCA-300.1.2
533,CTGAAGTTCCCTCTTT-b01
534,CTGAAGTTCCTTTACA-400.2.3
535,CTGATAGTCACATAGC-500.2.2
536,CTGATCCCAGGCTCAC-400.2.3
537,CTGATCCTCAATAAGG-400.2.2
538,CTGCCTAAGGGTCGAT-300.1.1
539,CTGCCTATCGTAGATC-r17
540,CTGCGGACATGCTGGC-300.1.3
541,CTGCTGTAGGAGCGTT-b01
542,CTGGTCTCAAACAACA-500.1.2
543,CTGGTCTCAATGGAAT-300.1.1
544,CTGGTCTGTCTTGCGG-400.2.3
545,CTGGTCTTCACTCCTG-400.2.1
546,CTGTGCTAGAGGTTAT-r17
547,CTGTTTAGTCGCTTCT-300.1.1
548,CTGTTTATCCACGAAT-300.1.2
549,CTTAACTGTATCACCA-b02
550,CTTAACTGTCTCTTTA-b01
551,CTTACCGAGGATGCGT-300.1.1
552,CTTACCGTCCCGGATG-400.2.3
553,CTTACCGTCGGTCTAA-400.2.1
554,CTTAGGAAGACGCTTT-400.2.2
555,CTTAGGAAGCGTGAGT-300.1.1
556,CTTAGGAAGGGTTCCC-400.2.2
557,CTTAGGAGTGCATCTA-b01
558,CTTAGGAGTGTGGCTC-500.1.1
559,CTTAGGATCTGTCTAT-400.2.2
560,CTTCTCTCAGTGACAG-b01
561,CTTCTCTGTCCAACTA-300.1.3
562,CTTGGCTAGAACTGTA-400.2.3
563,CTTTGCGGTCTAACGT-300.1.2
564,GAAACTCGTGGTACAG-300.1.1
565,GAAACTCTCTTCGGTC-400.2.2
566,GAAATGAGTGAAGGCT-300.1.1
567,GAACCTACACCAGATT-b01
568,GAACGGAAGTAATCCC-b02
569,GAACGGACACACGCTG-300.1.1
570,GAACGGACACATTTCT-300.1.2
571,GAACGGACACGAAGCA-400.2.3
572,GAAGCAGAGCCGCCTA-b01
573,GAAGCAGCATTCCTGC-400.2.2
574,GAAGCAGGTCTTCGTC-400.2.3
575,GAAGCAGTCTAACTGG-b01
576,GAATAAGAGTGATCGG-400.2.1
577,GAATAAGCACAGGAGT-400.2.2
578,GAATAAGCATTAGCCA-400.2.1
579,GAATAAGGTAGGGTAC-400.2.3
580,GAATGAAAGAGCTATA-500.1.1
581,GAATGAAAGCAATCTC-b01
582,GAATGAAAGGTGTTAA-400.2.2
583,GAATGAAGTATTAGCC-500.1.1
584,GAATGAATCCGTACAA-300.1.2
585,GACACGCCACGGCTAC-r17
586,GACACGCTCGATCCCT-300.1.1
587,GACAGAGCAGTGGGAT-300.1.3
588,GACAGAGTCGGGAGTA-400.2.3
589,GACCAATAGATCCCGC-400.2.1
590,GACCTGGGTACAAGTA-500.2.2
591,GACCTGGGTCATATCG-300.1.2
592,GACGCGTAGATCACGG-300.1.3
593,GACGCGTCACGCATCG-400.2.1
594,GACGCGTTCGTGACAT-r17
595,GACGGCTGTACCCAAT-300.1.3
596,GACGGCTGTATCTGCA-400.2.3
597,GACGGCTGTGTGACGA-400.2.2
598,GACGTGCGTCCGAACC-b01
599,GACGTTAAGCCAGGAT-b02
600,GACGTTACACGAAGCA-300.1.3
601,GACGTTACAGGTCCAC-400.2.2
602,GACGTTATCGGCGGTT-300.1.1
603,GACTAACAGACTAGAT-500.1.1
604,GACTAACGTTTGGCGC-400.2.3
605,GACTGCGCACATTAGC-400.2.2
606,GAGGTGAAGTCAATAG-300.1.3
607,GAGGTGACATTCTCAT-400.2.2
608,GATCAGTAGTGCAAGC-400.2.2
609,GATCAGTCAGCTGCAC-500.1.2
610,GATCAGTGTAAGTGTA-b01
611,GATCAGTGTACGCACC-r17
612,GATCAGTTCCAACCAA-400.2.2
613,GATCGATAGAAGGGTA-400.2.2
614,GATCGATCAAGCCGTC-400.2.1
615,GATCGATCAGCCACCA-400.2.3
616,GATCGATCAGGCTCAC-500.2.2
617,GATCGATGTAGATTAG-400.2.3
618,GATCGATTCCCTTGCA-300.1.2
619,GATCGATTCCGCGGTA-b01
620,GATCGATTCCTTTCTC-300.1.2
621,GATCGCGAGTACGCGA-400.2.1
622,GATCGTACAAAGGTGC-400.2.3
623,GATCGTACAGACGCAA-300.1.2
624,GATCGTATCACCATAG-500.1.2
625,GATCGTATCACTCTTA-500.2.2
626,GATCTAGCAAGTACCT-400.2.1
627,GATCTAGGTCGCTTTC-400.2.2
628,GATGAAAGTAGGCATG-300.1.1
629,GATGAAATCGCGATCG-500.2.2
630,GATGAGGCACGGCTAC-400.2.1
631,GATGAGGGTCCAGTGC-300.1.1
632,GATGAGGTCACGGTTA-400.2.1
633,GATGCTAAGAGCTGGT-r17
634,GATTCAGCAAGTCATC-r17
635,GATTCAGGTCCAAGTT-r17
636,GCAAACTCACGAAAGC-500.1.1
637,GCAAACTCACTTGGAT-500.2.2
638,GCAAACTTCTGTTTGT-300.1.3
639,GCAATCAAGGAATGGA-400.2.2
640,GCAATCACAATAGCGG-300.1.1
641,GCAATCATCAACTCTT-300.1.1
642,GCACATAAGCCAGGAT-400.2.1
643,GCACATAGTCCGAAGA-300.1.3
644,GCACTCTCACGAAACG-400.2.2
645,GCAGTTAGTTTGGGCC-b01
646,GCAGTTATCCGTACAA-300.1.2
647,GCAGTTATCTGGCGAC-400.2.2
648,GCATACACATCTATGG-400.2.2
649,GCATACATCAATCTCT-500.2.1
650,GCATGATCAATGAAAC-300.1.1
651,GCATGATCATCGGACC-500.2.2
652,GCATGATGTCCGTGAC-b01
653,GCATGATTCAACACCA-500.2.2
654,GCATGCGCAGCTATTG-500.2.2
655,GCATGTAAGTAGTGCG-400.2.2
656,GCATGTACATGTCTCC-b01
657,GCCAAATTCCACGAAT-400.2.2
658,GCCTCTAAGTAACCCT-r17
659,GCCTCTACACAGAGGT-b01
660,GCCTCTACAGATGGCA-400.2.1
661,GCGACCACATTGGTAC-500.1.2
662,GCGAGAACAGATGGCA-500.1.1
663,GCGAGAATCTGTTTGT-r17
664,GCGCAACAGTCATGCT-400.2.3
665,GCGCAACCACGGTTTA-400.2.3
666,GCGCAACTCCAATGGT-500.2.1
667,GCGCAACTCTGCTGCT-400.2.2
668,GCGCAGTAGTCTCGGC-r17
669,GCGCAGTCATGGGACA-300.1.3
670,GCGCAGTGTCTAGTCA-300.1.1
671,GCGCAGTTCAGTTCGA-400.2.3
672,GCGCCAACACACGCTG-400.2.1
673,GCGCGATGTTAAGGGC-b02
674,GCGGGTTTCAACGGCC-r17
675,GCTCCTAAGGATGCGT-400.2.1
676,GCTCCTACAGTAAGAT-300.1.3
677,GCTCCTAGTCCCGACA-400.2.2
678,GCTCCTAGTTATCCGA-300.1.1
679,GCTCTGTCAAGAAGAG-400.2.2
680,GCTGCAGAGATCGATA-500.1.2
681,GCTGCGAAGGCATGTG-r17
682,GCTGCGAAGGGTCTCC-300.1.1
683,GCTGCGAAGTCAAGCG-400.2.2
684,GCTGCGATCCTCTAGC-300.1.2
685,GCTGCTTCAGCGTCCA-300.1.3
686,GCTGGGTAGGTGACCA-b01
687,GCTGGGTCAAGGCTCC-500.1.1
688,GCTGGGTCACGGTTTA-500.1.1
689,GCTGGGTTCGGAGGTA-500.2.2
690,GCTTGAACAGCCTTTC-b01
691,GCTTGAAGTAAGAGAG-300.1.2
692,GGAAAGCGTCGAATCT-300.1.3
693,GGAAAGCGTGCACCAC-500.1.1
694,GGAACTTTCGTCTGAA-300.1.3
695,GGAACTTTCGTCTGCT-r17
696,GGAATAAAGTATTGGA-r17
697,GGAATAACATTAGGCT-b01
698,GGAATAACATTTCAGG-400.2.2
699,GGAATAAGTGCGAAAC-400.2.2
700,GGACAAGAGCCACTAT-400.2.2
701,GGACAGACATTCCTCG-300.1.2
702,GGACAGAGTACGCTGC-500.1.2
703,GGACAGATCTCACATT-400.2.2
704,GGACATTAGTGTTTGC-500.2.1
705,GGACATTCACCACGTG-500.2.1
706,GGACGTCAGTCTCAAC-500.1.1
707,GGACGTCGTCAGGACA-500.1.1
708,GGACGTCGTCATTAGC-400.2.2
709,GGAGCAACAGCTATTG-500.2.2
710,GGAGCAAGTGCGAAAC-400.2.1
711,GGAGCAAGTTACCAGT-500.2.2
712,GGAGCAATCCAGTAGT-400.2.3
713,GGAGCAATCGCTGATA-400.2.2
714,GGAGCAATCTTGCAAG-300.1.3
715,GGATGTTCAAACCTAC-500.1.1
716,GGATGTTGTATAGGGC-300.1.1
717,GGATGTTTCATGCATG-300.1.3
718,GGATTACCAAGCCGTC-400.2.1
719,GGATTACGTTAAGTAG-300.1.3
720,GGATTACTCCCGACTT-b01
721,GGCAATTAGGTGCACA-b01
722,GGCAATTCACTTAAGC-b01
723,GGCAATTGTCATATCG-b02
724,GGCAATTTCAGTGCAT-r17
725,GGCCGATAGTCGTACT-b01
726,GGCCGATTCAGCAACT-b01
727,GGCGACTGTAGGCATG-500.2.2
728,GGCGACTTCGTACGGC-r17
729,GGCTCGACATGCATGT-400.2.1
730,GGCTCGAGTTACGCGC-b01
731,GGCTCGATCGCAAGCC-300.1.3
732,GGCTCGATCTCGCTTG-400.2.2
733,GGCTGGTTCGGAGGTA-400.2.3
734,GGGAATGAGAGGTTAT-r17
735,GGGAATGAGGATGGAA-400.2.2
736,GGGACCTAGTAGCGGT-400.2.1
737,GGGAGATCACGCGAAA-r17
738,GGGAGATCAGGAACGT-300.1.3
739,GGGAGATTCAACGGGA-500.1.1
740,GGGCACTCAACCGCCA-500.1.1
741,GGGCATCCACCTCGGA-300.1.2
742,GGGCATCGTCCGAACC-500.1.1
743,GGGTCTGCACAAGTAA-b01
744,GGGTCTGTCCTAGAAC-r17
745,GGGTTGCCAAGCGAGT-r17
746,GGGTTGCGTCCAGTTA-500.1.1
747,GGTATTGGTCACCTAA-r17
748,GGTGAAGTCATAAAGG-300.1.1
749,GGTGTTAAGGCATGTG-500.1.2
750,GTAACGTGTTCATGGT-400.2.3
751,GTAACGTTCATCATTC-r17
752,GTAACTGAGATCGATA-b02
753,GTACGTAAGTTTCCTT-400.2.2
754,GTACGTACACTTAAGC-500.1.1
755,GTACGTAGTTCGCGAC-b01
756,GTACTCCAGCTGTTCA-400.2.2
757,GTACTCCGTAAGGGCT-400.2.1
758,GTACTCCGTTCCACTC-400.2.2
759,GTACTCCGTTGCGTTA-b01
760,GTACTCCTCTTCAACT-400.2.1
761,GTACTTTGTGAGGCTA-b01
762,GTACTTTTCGGAATCT-500.1.1
763,GTAGGCCAGTGAACAT-r17
764,GTATCTTCAAACAACA-500.1.1
765,GTATCTTTCAACGGCC-b01
766,GTATTCTCAAGCGTAG-400.2.2
767,GTATTCTCAGCTCGCA-400.2.1
768,GTATTCTGTCGAATCT-400.2.1
769,GTATTCTGTGAGGCTA-400.2.3
770,GTATTCTGTGGGTATG-400.2.1
771,GTCAAGTGTCCTCTTG-500.1.2
772,GTCAAGTGTGGCTCCA-400.2.2
773,GTCACAAAGACAAAGG-500.2.1
774,GTCACAACAATTCCTT-400.2.2
775,GTCACAATCCTCTAGC-300.1.3
776,GTCACGGTCAAACCGT-b01
777,GTCATTTGTCCGAACC-400.2.1
778,GTCATTTGTTTGCATG-500.2.1
779,GTCCTCAAGAGTACAT-b01
780,GTCCTCACAGTTCCCT-300.1.2
781,GTCCTCAGTTGCCTCT-500.1.1
782,GTCGGGTGTAGTAGTA-400.2.1
783,GTCGTAAAGTGTCCAT-300.1.3
784,GTCGTAACATTGAGCT-r17
785,GTCTCGTAGATCCTGT-b01
786,GTCTCGTTCGCAAACT-400.2.2
787,GTCTCGTTCTAGAGTC-r17
788,GTCTTCGTCCCATTTA-500.1.1
789,GTGAAGGAGCGCCTTG-300.1.1
790,GTGAAGGAGTGGGTTG-400.2.3
791,GTGCAGCAGCCGGTAA-400.2.2
792,GTGCAGCAGGCAGTCA-r17
793,GTGCAGCGTGTGGCTC-400.2.2
794,GTGCAGCTCGTACCGG-300.1.1
795,GTGCATAAGTCAATAG-300.1.2
796,GTGCATAGTTCACCTC-500.2.1
797,GTGCATATCGGTCCGA-500.2.2
798,GTGCGGTTCCGCATAA-300.1.3
799,GTGCTTCGTTGTGGCC-400.2.2
800,GTGCTTCTCAACGGCC-300.1.2
801,GTGCTTCTCCACGAAT-300.1.3
802,GTGTGCGTCGCCCTTA-400.2.2
803,GTGTTAGAGAGCTGGT-400.2.3
804,GTGTTAGGTACAGACG-b01
805,GTTAAGCCAGTTCATG-b01
806,GTTAAGCGTCTGGAGA-300.1.3
807,GTTAAGCGTTAAGGGC-b01
808,GTTACAGAGAGGGATA-300.1.1
809,GTTCATTGTCTCTTTA-500.2.2
810,GTTCGGGAGACAGGCT-400.2.2
811,GTTCGGGAGGGAGTAA-b01
812,GTTCGGGAGTACGTTC-400.2.2
813,GTTCGGGCATACAGCT-300.1.3
814,GTTCGGGGTGCACTTA-400.2.1
815,GTTCTCGCACTTCTGC-r17
816,GTTCTCGCATGGATGG-r17
817,TAAACCGCATTTCAGG-500.1.1
818,TAAGAGATCGACAGCC-400.2.3
819,TAAGCGTTCTTACCTA-400.2.1
820,TAAGTGCTCCTATGTT-300.1.2
821,TACACGAAGATACACA-300.1.3
822,TACACGAAGCTAGTTC-500.1.3
823,TACACGACAAAGTCAA-500.1.1
824,TACAGTGCACCATCCT-b01
825,TACAGTGGTGATGTGG-500.1.1
826,TACAGTGTCGGTTCGG-500.1.2
827,TACCTATAGTGTGAAT-300.1.1
828,TACCTATGTTATGTGC-b01
829,TACCTATTCCATGAGT-300.1.3
830,TACGGATAGAACAACT-500.1.3
831,TACGGATAGCCCAATT-b01
832,TACGGATCATCCGGGT-300.1.3
833,TACGGTAAGTCCATAC-r17
834,TACGGTATCATGCAAC-500.2.1
835,TACGGTATCCTGTACC-400.2.2
836,TACTCATAGCTGTCTA-300.1.3
837,TACTCGCAGAAACCAT-300.1.1
838,TACTCGCGTATTAGCC-300.1.3
839,TACTCGCGTCTAAACC-400.2.2
840,TACTCGCTCCTGCAGG-400.2.2
841,TACTTACAGCACACAG-400.2.1
842,TAGACCACAGCCTGTG-500.2.2
843,TAGACCAGTAACGACG-b01
844,TAGACCAGTCCAGTTA-400.2.2
845,TAGAGCTAGACAAAGG-400.2.1
846,TAGAGCTAGTACGCGA-b02
847,TAGAGCTTCCAAAGTC-r17
848,TAGAGCTTCTGGAGCC-500.1.1
849,TAGCCGGAGCCCAATT-300.1.1
850,TAGCCGGTCGCCCTTA-r17
851,TAGGCATAGAGTTGGC-400.2.3
852,TAGGCATAGGCTCAGA-400.2.1
853,TAGGCATCATGCCTAA-400.2.2
854,TAGGCATGTATAAACG-b01
855,TAGTGGTAGGATTCGG-300.1.2
856,TAGTGGTAGTACGACG-400.2.2
857,TAGTGGTAGTGGGTTG-500.2.2
858,TAGTGGTTCCCAGGTG-300.1.3
859,TAGTGGTTCCCTAATT-400.2.3
860,TAGTTGGAGTGTTAGA-300.1.2
861,TAGTTGGCACGAAACG-300.1.2
862,TAGTTGGTCACAAACC-400.2.2
863,TATCAGGGTCGATTGT-300.1.3
864,TATCAGGGTTTAAGCC-r17
865,TATCTCAAGGATGTAT-500.1.1
866,TATCTCATCGTTACGA-400.2.2
867,TATGCCCAGGATGGAA-b01
868,TATTACCAGACCGGAT-300.1.3
869,TATTACCAGGGCATGT-400.2.2
870,TATTACCTCGCCCTTA-b01
871,TCAACGAGTGATAAGT-300.1.3
872,TCAACGATCCTCAACC-500.2.1
873,TCAATCTAGATGTTAG-500.1.2
874,TCAATCTCACTTAACG-400.2.2
875,TCACAAGGTGAGTATA-400.2.2
876,TCAGATGCACGCATCG-400.2.2
877,TCAGATGCAGTAACGG-r17
878,TCAGCAAAGTGGTAGC-400.2.1
879,TCAGCAAGTAAAGTCA-r17
880,TCAGCAATCCCTTGCA-400.2.3
881,TCAGCTCAGTACTTGC-400.2.1
882,TCAGCTCCAATAGCAA-400.2.3
883,TCAGCTCGTGTCAATC-400.2.1
884,TCAGGATGTTCGCGAC-300.1.3
885,TCAGGTATCACATACG-500.1.1
886,TCATTACGTTGAGGTG-300.1.2
887,TCATTACTCCGCGCAA-400.2.2
888,TCATTTGAGGTGCTAG-400.2.3
889,TCATTTGGTCTAGGTT-500.1.1
890,TCATTTGTCGGTCCGA-400.2.3
891,TCATTTGTCTATCGCC-300.1.1
892,TCCACACCAATGAATG-400.2.3
893,TCCACACCACTAGTAC-r17
894,TCCACACCAGGCAGTA-300.1.3
895,TCCCGATCACCAACCG-300.1.1
896,TCCCGATCAGCTGTTA-300.1.3
897,TCCCGATGTGTGTGCC-400.2.1
898,TCGAGGCAGATACACA-300.1.2
899,TCGAGGCCATCGATGT-b01
900,TCGAGGCGTTTGTTGG-500.1.2
901,TCGCGTTGTGCCTGGT-300.1.1
902,TCGGGACCAATCCGAT-400.2.1
903,TCGGGACGTCCAGTTA-300.1.1
904,TCGTACCCAGGCGATA-400.2.2
905,TCGTAGAAGACACTAA-300.1.3
906,TCGTAGAAGTACATGA-500.1.1
907,TCGTAGACACCAGATT-400.2.3
908,TCGTAGATCAAGGTAA-b02
909,TCGTAGATCACTTACT-r17
910,TCGTAGATCTCTTGAT-400.2.2
911,TCTATTGAGGAGCGAG-500.2.1
912,TCTATTGGTACCGTAT-b01
913,TCTCTAAGTAGGGACT-500.1.1
914,TCTGAGATCTACTTAC-400.2.1
915,TCTGGAAAGCTCCTTC-500.2.1
916,TCTGGAACAGCTATTG-r17
917,TCTGGAAGTCTCCACT-b01
918,TCTTCGGAGACCTTTG-b01
919,TCTTCGGGTAAGGATT-400.2.3
920,TCTTTCCCATAAAGGT-300.1.1
921,TCTTTCCCATGTCCTC-400.2.2
922,TGAAAGAAGATATGCA-400.2.2
923,TGAAAGACACTCAGGC-500.1.1
924,TGAAAGATCGACAGCC-400.2.2
925,TGACAACGTCGCTTCT-400.2.1
926,TGACAACGTTTGTTTC-300.1.3
927,TGACGGCCACCAGGTC-500.1.2
928,TGACGGCTCTTGAGAC-400.2.1
929,TGACTAGCAAGCTGAG-400.2.1
930,TGACTAGCATTTGCCC-400.2.2
931,TGACTAGGTCTCTTTA-400.2.3
932,TGACTAGTCCACGTGG-400.2.1
933,TGACTTTGTTGGAGGT-500.1.1
934,TGACTTTTCGAATCCA-b01
935,TGAGAGGCACTTACGA-400.2.3
936,TGAGAGGGTCTAGCCG-b01
937,TGAGCATTCAGTGTTG-400.2.2
938,TGAGCATTCTTAGAGC-500.1.2
939,TGAGCCGGTGATAAAC-r17
940,TGAGGGATCTCGATGA-400.2.2
941,TGATTTCAGATGCGAC-400.2.3
942,TGATTTCAGGTTACCT-400.2.3
943,TGATTTCGTACGCACC-b01
944,TGATTTCTCCAGAAGG-b01
945,TGCACCTAGGTAGCCA-b01
946,TGCACCTCATATACCG-500.1.2
947,TGCCAAATCCTATGTT-400.2.2
948,TGCCCATAGATCGATA-400.2.3
949,TGCCCATAGCCAGGAT-300.1.2
950,TGCCCATCAGTGACAG-r17
951,TGCCCATGTAGCGCAA-400.2.2
952,TGCGCAGAGAGTAAGG-r17
953,TGCGCAGTCATTCACT-400.2.2
954,TGCGCAGTCCGCGTTT-400.2.2
955,TGCGGGTGTTCGCGAC-300.1.1
956,TGCGTGGAGGCGCTCT-500.2.1
957,TGCGTGGTCCGTAGTA-500.1.2
958,TGCGTGGTCGGAAATA-400.2.2
959,TGCGTGGTCTTCGGTC-400.2.3
960,TGCTACCAGGCGACAT-400.2.2
961,TGCTACCCAATCCGAT-500.2.2
962,TGCTACCGTATAGTAG-500.1.2
963,TGCTACCTCCGTCATC-300.1.1
964,TGCTGCTCACATGGGA-500.2.1
965,TGCTGCTGTTAAGTAG-400.2.3
966,TGGACGCAGTAATCCC-b01
967,TGGACGCCATGACATC-400.2.3
968,TGGCCAGAGCGATGAC-300.1.3
969,TGGCCAGCAGTAACGG-300.1.1
970,TGGCCAGCATTGCGGC-400.2.3
971,TGGCCAGGTCGCGGTT-400.2.1
972,TGGCGCACATCCTAGA-b01
973,TGGCGCAGTCCATCCT-400.2.1
974,TGGCGCAGTCGATTGT-b01
975,TGGCGCAGTGCTCTTC-400.2.3
976,TGGCTGGAGATGCCAG-500.1.2
977,TGGCTGGCACCAGTTA-500.1.2
978,TGGGAAGAGTATCGAA-400.2.3
979,TGGGCGTCACGTCTCT-500.1.1
980,TGGTTAGAGACACTAA-400.2.3
981,TGGTTAGTCGCATGGC-400.2.3
982,TGGTTCCCAGAAGCAC-400.2.1
983,TGGTTCCGTAGCGCTC-400.2.3
984,TGGTTCCTCGTCGTTC-500.1.1
985,TGTATTCAGGACTGGT-b01
986,TGTATTCAGTATCGAA-500.1.2
987,TGTCCCAAGATACACA-400.2.2
988,TGTCCCAAGTGAATTG-b02
989,TGTCCCAAGTTTGCGT-b01
990,TGTCCCACATTTCAGG-300.1.2
991,TGTCCCAGTCGTCTTC-300.1.3
992,TGTTCCGAGCTAGTCT-500.2.1
993,TGTTCCGCACTCTGTC-500.1.2
994,TGTTCCGGTCGTTGTA-400.2.3
995,TGTTCCGTCATCATTC-300.1.2
996,TGTTCCGTCTACTTAC-500.2.2
997,TGTTCCGTCTTCCTTC-400.2.3
998,TTAACTCAGATCGATA-400.2.2
999,TTAGGACAGATGCCTT-400.2.3
1000,TTAGGACAGCGCCTTG-300.1.1
1001,TTAGGACGTTAGAACA-500.1.1
1002,TTATGCTTCAACGGCC-300.1.1
1003,TTCCCAGGTCTGATTG-400.2.1
1004,TTCCCAGTCATCATTC-400.2.1
1005,TTCCCAGTCGAGAACG-r17
1006,TTCGAAGAGCGATAGC-400.2.2
1007,TTCGAAGAGTGTTTGC-300.1.2
1008,TTCGAAGCATGGTAGG-500.1.3
1009,TTCGGTCCATTGTGCA-500.2.2
1010,TTCTACAAGGACACCA-300.1.3
1011,TTCTACAAGTCGAGTG-300.1.1
1012,TTCTCAAGTACCGCTG-500.1.2
1013,TTCTCAATCGGTGTCG-r17
1014,TTCTTAGAGGCCATAG-400.2.1
1015,TTGACTTCAGTTAACC-400.2.2
1016,TTGACTTTCGTGGGAA-400.2.3
1017,TTGCCGTGTCCAGTTA-r17
1018,TTGCGTCCAGACACTT-500.1.1
1019,TTGGAACAGTACCGGA-400.2.1
1020,TTGTAGGAGATCGGGT-400.2.1
1021,TTGTAGGTCGCCGTGA-400.2.3
1022,TTTACTGAGGAGCGAG-400.2.3
1023,TTTACTGCATACTACG-r17
1024,TTTCCTCGTCCGAGTC-500.2.1
1025,TTTGCGCGTAGCTAAA-b01
1026,TTTGCGCTCAAGCCTA-400.2.2
1027,TTTGTCAAGTGTTTGC-400.2.3
1028,TTTGTCAGTCGAACAG-r17
